priority,name,category,city,phone,website,website_score,website_issues,address,rating,maps_url
HIGH,Mandi King Elite Arabian Restaurant,restaurant,Hyderabad,081797 97921,,0,No website at all,"1st Floor, AS Arcade Complex, X Roads, Lingampally Rd, next to CMR Shopping mall, Gouthami Nagar Colony, Jawahar Colony, BHEL, Hyderabad, Telangana 502032",4.6,https://www.google.com/maps/place/Mandi+King+Elite+Arabian+Restaurant/data=!4m7!3m6!1s0x3bcb9341eb7c8503:0x7fd5efbfea17ea61!8m2!3d17.4955457!4d78.3170307!16s%2Fg%2F11s1s1648d!19sChIJA4V860GTyzsRYeoX6r_v1X8?authuser=0&hl=en&rclk=1
HIGH,,restaurant,Hyderabad,,,0,No website at all,,,https://www.google.com/maps/place/Taaza+Kitchen/data=!4m7!3m6!1s0x3bcb91f08e54eb3f:0x3128d84171b9c1a0!8m2!3d17.4523845!4d78.3914379!16s%2Fg%2F11fm25gyg5!19sChIJP-tUjvCRyzsRoMG5cUHYKDE?authuser=0&hl=en&rclk=1
HIGH,Smile Brite Dental Clinic - Serilingampalli,dental clinic,Hyderabad,070930 56436,,0,No website at all,"5-1 (First floor, above electrical shop, opp. CANDEUR CRESCENT Appartments & Sancta Maria International School, Adarsh Nagar, Hyderabad, Serilingampalle (M), Telangana 500019",5.0,https://www.google.com/maps/place/Smile+Brite+Dental+Clinic+-+Serilingampalli/data=!4m7!3m6!1s0x3bcb9361b938b611:0xeeede5fdd678ebf5!8m2!3d17.481449!4d78.3203693!16s%2Fg%2F11t0w9xvdb!19sChIJEbY4uWGTyzsR9et41v3l7e4?authuser=0&hl=en&rclk=1
HIGH,ANU'S DENTAL | Best Dental Clinic in Hyderabad,dental clinic,Hyderabad,097001 41424,anusdentalchandanagar.com,0,"Unreachable: HTTPSConnectionPool(host='anusdentalchandanagar.com', port=4","4-123/2, NH 65, Gangaram, Chanda Nagar, Hyderabad, Telangana 500050",5.0,https://www.google.com/maps/place/ANU%27S+DENTAL+%7C+Best+Dental+Clinic+in+Hyderabad/data=!4m7!3m6!1s0x3bcb929166598f69:0x2fbcda1e89d6d74e!8m2!3d17.4947447!4d78.3231751!16s%2Fg%2F11f0wp7y67!19sChIJaY9ZZpGSyzsRTtfWiR7avC8?authuser=0&hl=en&rclk=1
HIGH,,boutique,Hyderabad,,,0,No website at all,,,https://www.google.com/maps/place/Harini+Designer+Boutique/data=!4m7!3m6!1s0x3bcb937fe9b94669:0x9d5edb0d90608737!8m2!3d17.4904389!4d78.3242111!16s%2Fg%2F11rvdd3sr3!19sChIJaUa56X-TyzsRN4dgkA3bXp0?authuser=0&hl=en&rclk=1
HIGH,Akshara Reddy Boutique,boutique,Hyderabad,093927 84289,,0,No website at all,"Backside Tata Motors, Sriram Nagar, Gangaram, ICRISAT Colony, Hyderabad, Telangana 500050",4.6,https://www.google.com/maps/place/Akshara+Reddy+Boutique/data=!4m7!3m6!1s0x3bcb939c5d360fdf:0xab81bb100faa2dae!8m2!3d17.4960911!4d78.3340215!16s%2Fg%2F11s1vxbpnw!19sChIJ3w82XZyTyzsRri2qDxC7gas?authuser=0&hl=en&rclk=1
HIGH,,boutique,Hyderabad,,,0,No website at all,,,https://www.google.com/maps/place/Sri+Neeru%27s+Vastram+-+boutique/data=!4m7!3m6!1s0x3bcb93debc3d098d:0xfde67c0dbd0beb26!8m2!3d17.4993172!4d78.3392425!16s%2Fg%2F11qnt3x_fy!19sChIJjQk9vN6TyzsRJusLvQ185v0?authuser=0&hl=en&rclk=1
HIGH,Hitha's Boutique,boutique,Hyderabad,081214 44837,,0,No website at all,"chandanagar hyderabad, Manjeera Pipeline Rd, opp. HDFC Bank, RTC Colony, Hafeezpet, Hyderabad, Telangana 500049",5.0,https://www.google.com/maps/place/Hitha%27s+Boutique/data=!4m7!3m6!1s0x3bcb930357ecbacd:0x9d52a605676a826d!8m2!3d17.4911582!4d78.3361682!16s%2Fg%2F11w4dfg195!19sChIJzbrsVwOTyzsRbYJqZwWmUp0?authuser=0&hl=en&rclk=1
HIGH,Purple Boutique and Events,boutique,Hyderabad,077997 78806,,0,No website at all,"D.No 3, 792/1, Rd Number 28B, Mayuri Nagar, Nizampet, Hyderabad, Telangana 500049",4.9,https://www.google.com/maps/place/Purple+Boutique+and+Events/data=!4m7!3m6!1s0x3bcb9301827f2379:0x8706cb58e83ec39e!8m2!3d17.5128307!4d78.3734504!16s%2Fg%2F11r10rbd5y!19sChIJeSN_ggGTyzsRnsM-6FjLBoc?authuser=0&hl=en&rclk=1
HIGH,Transform Together Gym & Fitness Studio,gym,Hyderabad,,,0,No website at all,"Dubey Colony Rd, Adarsh Nagar, Serilingampalle (M), Hyderabad, Telangana 500019",4.9,https://www.google.com/maps/place/Transform+Together+Gym+%26+Fitness+Studio/data=!4m7!3m6!1s0x3bcb939bb4cef95f:0x613b8f39b335c3c8!8m2!3d17.4833716!4d78.3202692!16s%2Fg%2F11vbwvby8t!19sChIJX_nOtJuTyzsRyMM1szmPO2E?authuser=0&hl=en&rclk=1
HIGH,,gym,Hyderabad,,,0,No website at all,,,https://www.google.com/maps/place/IDEAL+FITNESS+GYM/data=!4m7!3m6!1s0x3bcb93ed4054d01d:0xd807dc2264fc95a3!8m2!3d17.4921862!4d78.3314348!16s%2Fg%2F11s9f2l89f!19sChIJHdBUQO2TyzsRo5X8ZCLcB9g?authuser=0&hl=en&rclk=1
HIGH,D - Cross 4 Fit Gym,gym,Hyderabad,085200 33395,,0,No website at all,"4th floor, JK Heights, Plot No 367/A, Manjeera Rd, near KKS Bakers, HUDA Colony, Chanda Nagar, Hyderabad, Telangana 500050",4.9,https://www.google.com/maps/place/D+-+Cross+4+Fit+Gym/data=!4m7!3m6!1s0x3bcb939dc797ba5d:0x4f2394006e3b5a94!8m2!3d17.4918013!4d78.3320244!16s%2Fg%2F11w982y7gx!19sChIJXbqXx52TyzsRlFo7bgCUI08?authuser=0&hl=en&rclk=1
HIGH,,gym,Hyderabad,,,0,No website at all,,,https://www.google.com/maps/place/Old+school+Gym/data=!4m7!3m6!1s0x3bcb93f02a56300b:0x546ad9d0c733b73e!8m2!3d17.4819031!4d78.3205365!16s%2Fg%2F11thkvwm35!19sChIJCzBWKvCTyzsRPrczx9DZalQ?authuser=0&hl=en&rclk=1
HIGH,,school,Hyderabad,,,0,No website at all,,,https://www.google.com/maps/place/Sancta+Maria+International+School/data=!4m7!3m6!1s0x3bcb92ebc33e3619:0x42b5e040b3d6f621!8m2!3d17.4823207!4d78.3194249!16s%2Fg%2F119v2z7sn!19sChIJGTY-w-uSyzsRIfbWs0DgtUI?authuser=0&hl=en&rclk=1
HIGH,Ankur's tree house school,school,Hyderabad,094924 29575,,0,No website at all,"6-90, PJR Stadium Ln, opposite VIDYA NURSING HOME, Santhi Nagar, Chanda Nagar, Hyderabad, Telangana 500050",4.5,https://www.google.com/maps/place/Ankur%27s+tree+house+school/data=!4m7!3m6!1s0x3bcb92923120546b:0x490f834c6ba440aa!8m2!3d17.4927078!4d78.3249875!16s%2Fg%2F11dxbl821h!19sChIJa1QgMZKSyzsRqkCka0yDD0k?authuser=0&hl=en&rclk=1
HIGH,Hyderabad Holiday Packages,travel agency,Hyderabad,081428 83770,hyderabadholidaypackages.in,0,"Unreachable: HTTPSConnectionPool(host='hyderabadholidaypackages.in', port","Rajeev Gruha Kalpa, Plot no : 70/27, Papi Reddy Colony, Sandaiah Nagar, Nehru Nagar, Chanda Nagar, Hyderabad, Serilingampalle (M), Telangana 500019",5.0,https://www.google.com/maps/place/Hyderabad+Holiday+Packages/data=!4m7!3m6!1s0x3bcb93d1550667bb:0xb19e0c992fd432e5!8m2!3d17.4847499!4d78.3271471!16s%2Fg%2F11yb6g1xkl!19sChIJu2cGVdGTyzsR5TLUL5kMnrE?authuser=0&hl=en&rclk=1
HIGH,Cloudz Tours and Travels | Best Travel Agency in Hyderabad | Tour Operator,travel agency,Hyderabad,070137 99901,cloudztravels.com,0,"Unreachable: HTTPSConnectionPool(host='cloudztravels.com', port=443): Max","2nd Floor, Unit 204, Reliance Classic Enclave, Banjara Hills Rd Number 1, opp. Axis Bank and Cream Stone, Avenue 4, Banjara Hills, Hyderabad, Telangana 500034",4.7,https://www.google.com/maps/place/Cloudz+Tours+and+Travels+%7C+Best+Travel+Agency+in+Hyderabad+%7C+Tour+Operator/data=!4m7!3m6!1s0x3bcb973827070b07:0xf2b96e9afbb7f4f0!8m2!3d17.4141572!4d78.4503697!16s%2Fg%2F11gfh75s4b!19sChIJBwsHJziXyzsR8PS3-5puufI?authuser=0&hl=en&rclk=1
HIGH,Shiva Sai KrupaTravels & holidays And SVR TRAVELS & Orange travels branch office,travel agency,Hyderabad,090005 80690,,0,No website at all,"house cellar, dry fruit, Chinnam Balaji Tower, 5-3/8, national highway, near vijetha super market, opp. easy buy, Gangaram, Chanda Nagar, Hyderabad, Telangana 500050",4.8,https://www.google.com/maps/place/Shiva+Sai+KrupaTravels+%26+holidays+And+SVR+TRAVELS+%26+Orange+travels+branch+office/data=!4m7!3m6!1s0x3bcb9366306551af:0x3cfc6a2ab309cf80!8m2!3d17.4944794!4d78.3220331!16s%2Fg%2F11x7dmnwk1!19sChIJr1FlMGaTyzsRgM8Jsypq_Dw?authuser=0&hl=en&rclk=1
HIGH,CA Chartered accountant,chartered accountant,Hyderabad,086395 27750,,0,No website at all,"F8M8+J7C, Rail Vihar, Lingampally, Serilingampalle (M), Hyderabad, Telangana 500019",4.9,https://www.google.com/maps/place/CA+Chartered+accountant/data=!4m7!3m6!1s0x3bcb930063ff48f5:0x49eacc818fd07a56!8m2!3d17.4840364!4d78.3160711!16s%2Fg%2F11n3lcl4kw!19sChIJ9Uj_YwCTyzsRVnrQj4HM6kk?authuser=0&hl=en&rclk=1
HIGH,SREYAS & ASSOCIATES - Chartered Accountants in Hyderabad | CA,chartered accountant,Hyderabad,070323 53918,,0,No website at all,"Flat no 803, Level 8, Hi-tech City, JNTU Rd, Kukatpally Housing Board Colony, K P H B Phase 1, Kukatpally, Hyderabad, Telangana 500072",5.0,https://www.google.com/maps/place/SREYAS+%26+ASSOCIATES+-+Chartered+Accountants+in+Hyderabad+%7C+CA/data=!4m7!3m6!1s0x3bcb9194167907bf:0xf1424e31ab947745!8m2!3d17.491839!4d78.393591!16s%2Fg%2F11pb92kq08!19sChIJvwd5FpSRyzsRRXeUqzFOQvE?authuser=0&hl=en&rclk=1
HIGH,,interior designer,Hyderabad,,,0,No website at all,,,https://www.google.com/maps/place/S+A+K+INTERIORS+%7C+Best+Interior+Designer+In+Hyderabad+%7C+Interior+Design+in+Miyapur+%26+Gachibowli/data=!4m7!3m6!1s0x3bcb9297a51bf9a5:0x138d2a131a8519d1!8m2!3d17.5001969!4d78.357109!16s%2Fg%2F11b77y7qgt!19sChIJpfkbpZeSyzsR0RmFGhMqjRM?authuser=0&hl=en&rclk=1
HIGH,MUKUND CHOWDARY CLASSES,coaching classes,Hyderabad,097054 79716,,0,No website at all,"D.No:157, NEAR PJR STADIUM,OPP:KS BAKERY LINE, Opp:LAXMI ARCADE Beside Mithra Organic foods, Chanda Nagar, Serilingampalle (M), Telangana 500050",4.8,https://www.google.com/maps/place/MUKUND+CHOWDARY+CLASSES/data=!4m7!3m6!1s0x3bcb936fb3d4eea7:0x8e4b6ac532c4776e!8m2!3d17.4899854!4d78.3248681!16s%2Fg%2F11ff0v_nry!19sChIJp-7Us2-TyzsRbnfEMsVqS44?authuser=0&hl=en&rclk=1
HIGH,GHMC Cricket Coaching,coaching classes,Hyderabad,097011 87887,,0,No website at all,"F8QF+3J3, Sivaji Nagar, Chanda Nagar, Hyderabad, Telangana 500050",4.0,https://www.google.com/maps/place/GHMC+Cricket+Coaching/data=!4m7!3m6!1s0x3bcb92ecda752bf5:0xd3db852eecc4d740!8m2!3d17.4876274!4d78.324033!16s%2Fg%2F1hjgnmqr_!19sChIJ9St12uySyzsRQNfE7C6F29M?authuser=0&hl=en&rclk=1
HIGH,Sai Nethra Foundation,NGO,Hyderabad,094400 49015,,0,No website at all,"6-74/36/B, HUDA Colony, Chanda Nagar, Hyderabad, Telangana 500050",4.8,https://www.google.com/maps/place/Sai+Nethra+Foundation/data=!4m7!3m6!1s0x3bcb92ed529464d5:0xbbf9c40fe76956cb!8m2!3d17.488374!4d78.3266689!16s%2Fg%2F11c6lvbth1!19sChIJ1WSUUu2SyzsRy1Zp5w_E-bs?authuser=0&hl=en&rclk=1
MEDIUM,Zega,restaurant,Hyderabad,091001 19443,zega-sheraton.com,40,Not mobile-friendly | No modern JS framework,"115/1, Nanakramguda Rd, Financial District, Gachibowli, Nanakramguda, Hyderabad, Telangana 500032",4.3,https://www.google.com/maps/place/Zega/data=!4m7!3m6!1s0x3bcb937fa0cace5f:0xa7d3484d8c81cb42!8m2!3d17.4216493!4d78.3371344!16s%2Fg%2F11bxf0y0f3!19sChIJX87KoH-TyzsRQsuBjE1I06c?authuser=0&hl=en&rclk=1
MEDIUM,Pakka Local Hitech City,restaurant,Hyderabad,098858 68886,pakkalocalrestaurants.com,60,Slow load (4.1s) | No modern JS framework,"Hardhik Crown Building, Plot 18, Sector 2, HUDA Techno Enclave, HITEC City, Hyderabad, Telangana 500081",4.6,https://www.google.com/maps/place/Pakka+Local+Hitech+City/data=!4m7!3m6!1s0x3bcb939ba692483b:0x27a54f12344cdff0!8m2!3d17.4457272!4d78.3777558!16s%2Fg%2F11thhfctv_!19sChIJO0iSppuTyzsR8N9MNBJPpSc?authuser=0&hl=en&rclk=1
MEDIUM,DHAMODHAR AND ASSOCIATES,chartered accountant,Hyderabad,099481 95384,nearca.com,60,Not mobile-friendly | No modern JS framework,"20-1825, Papi Reddy Colony, Spring Valley, Chanda Nagar, Serilingampalle (M), Telangana 500084",4.9,https://www.google.com/maps/place/DHAMODHAR+AND+ASSOCIATES/data=!4m7!3m6!1s0x3bcb93caa84c64e5:0x95e2ec25282621c1!8m2!3d17.4824363!4d78.3333795!16s%2Fg%2F11t0rtx44b!19sChIJ5WRMqMqTyzsRwSEmKCXs4pU?authuser=0&hl=en&rclk=1
MEDIUM,Nifty Interio - Serilingampalle,interior designer,Hyderabad,095813 68182,niftyinterio.com,60,No modern JS framework,"2nd & 3rd floor, Landmark :, Doyens Colony Rd, above Allen Solly Showroom, Doyens Colony, Serilingampalle (M), Hyderabad, Telangana 500019",4.4,https://www.google.com/maps/place/Nifty+Interio+-+Serilingampalle/data=!4m7!3m6!1s0x3bcb91f7bc8aa47b:0x3262d1d96b3ff4f3!8m2!3d17.4753495!4d78.3257908!16s%2Fg%2F11dxdzkslz!19sChIJe6SKvPeRyzsR8_Q_a9nRYjI?authuser=0&hl=en&rclk=1
MEDIUM,"Veda Spoken English Training Institute in Lingampally, Hyderabad.",coaching classes,Hyderabad,096660 00502,vedaspokenenglish.com,60,Slow load (3.2s) | No modern JS framework,"# 2, Koshetty Towers, next to Sancta Maria International School, beside Ratnadeep, Lingampally, Hyderabad, Telangana 500019",4.8,"https://www.google.com/maps/place/Veda+Spoken+English+Training+Institute+in+Lingampally,+Hyderabad./data=!4m7!3m6!1s0x3bcb93e0d344bbe5:0x7014dd05c7aee6fb!8m2!3d17.483239!4d78.3200399!16s%2Fg%2F11nymg7712!19sChIJ5btE0-CTyzsR--auxwXdFHA?authuser=0&hl=en&rclk=1"
MEDIUM,Sankalp Foundation,NGO,Hyderabad,095736 58214,sathsankalp.org,60,Not mobile-friendly | No modern JS framework,"Lingampally- Huda Colony Rd, Sivaji Nagar, Chanda Nagar, Hyderabad, Telangana 500050",4.4,https://www.google.com/maps/place/Sankalp+Foundation/data=!4m7!3m6!1s0x3bcb92ed4875e99b:0x3d29c6d9b018451d!8m2!3d17.4877887!4d78.3260299!16s%2Fg%2F11b_22t9bk!19sChIJm-l1SO2SyzsRHUUYsNnGKT0?authuser=0&hl=en&rclk=1
HIGH,PRIYANKA BOUTIQUE,boutique,Kanpur,097943 26464,,,0,No website at all,"POINT 1: No Online Presence — Without a website, customers can't find Priyanka Boutique online, losing potential sales. 
POINT 2: Missed Opportunities — This absence affects revenue and customer engagement.
POINT 3: Solution Ahead — A fast Next.js website can fix this, let's chat about it.","SHOP NO-49, Jai Hind Gas Agency, Mandir, near Kali Mathiya, K.D.A Market, Shastri Nagar, Kanpur, Uttar Pradesh 208005",4.9,https://www.google.com/maps/place/PRIYANKA+BOUTIQUE/data=!4m7!3m6!1s0x399c38756175edaf:0xa041c1828e021f54!8m2!3d26.4664182!4d80.2984104!16s%2Fg%2F11b8_mx56y!19sChIJr-11YXU4nDkRVB8CjoLBQaA?authuser=0&hl=en&rclk=1,2026-06-15
HIGH,"Kanchans Fashion-Boutique In Kanpur,Ethnic Wear,Western Wear,Designer Wear,Indian Wear,Gowns,Crop Tops,Lehenga In Kanpur",boutique,Kanpur,099350 78314,,,0,No website at all,"POINT 1: No Online Presence — Without a website, customers can't find Kanchans Fashion-Boutique online, losing potential sales.
POINT 2: Missed Opportunities — This means missing out on revenue and customer engagement.
POINT 3: Competitive Disadvantage — A Next.js website can quickly fix this, giving Kanchans a strong online presence.","7/115 b, Model Bakery Road, Khalasi Line, Swaroop Nagar, Kanpur, Uttar Pradesh 208002",4.7,"https://www.google.com/maps/place/Kanchans+Fashion-Boutique+In+Kanpur,Ethnic+Wear,Western+Wear,Designer+Wear,Indian+Wear,Gowns,Crop+Tops,Lehenga+In+Kanpur/data=!4m7!3m6!1s0x399c38680e084539:0x4bd1805461fee344!8m2!3d26.4854923!4d80.3191335!16s%2Fg%2F1xgrlbxq!19sChIJOUUIDmg4nDkRROP-YVSA0Us?authuser=0&hl=en&rclk=1",2026-06-15
HIGH,Good Food Restaurant,local restaurant,Kanpur,077558 66055,,,0,No website at all,"POINT 1: No Online Presence — Without a website, customers can't find you online, losing potential sales. 
POINT 2: Missed Opportunities — This means missed bookings and orders, directly affecting revenue.
POINT 3: Competitive Disadvantage — Fixing this with a fast Next.js website can get you ahead of the competition.","11, W-2, Juhi Kalan, Damodar Nagar, Kanpur, Uttar Pradesh 208027",4.8,https://www.google.com/maps/place/Good+Food+Restaurant/data=!4m7!3m6!1s0x399c47b7cd158bc5:0x4eba4d74c7aeae75!8m2!3d26.4270233!4d80.3066651!16s%2Fg%2F11lsg2hpvg!19sChIJxYsVzbdHnDkRda6ux3RNuk4?authuser=0&hl=en&rclk=1,2026-06-15
HIGH,Anaicha's Food Joint,local restaurant,Kanpur,0512 255 0491,,,0,No website at all,"POINT 1: No Online Presence — Anaicha's Food Joint is missing out on customers who search for food joints online. 
POINT 2: Lost Revenue — This absence leads to lost sales and revenue.
POINT 3: Solution Ahead — I can help with a fast Next.js website.","Anaicha's Food Joint, 113/187, Cantt, Khalasi Line, Swaroop Nagar, Kanpur, Uttar Pradesh 208002",4.0,https://www.google.com/maps/place/Anaicha%27s+Food+Joint/data=!4m7!3m6!1s0x399c3863877e57af:0xf8b9d10c68f673f1!8m2!3d26.482473!4d80.3155544!16s%2Fg%2F1tdnjjj5!19sChIJr1d-h2M4nDkR8XP2aAzRufg?authuser=0&hl=en&rclk=1,2026-06-15
HIGH,Design by Lavassa,interior designer,Kanpur,093058 27863,,,0,No website at all,"POINT 1: No Online Presence — You're missing out on potential customers who can't find you online. 
POINT 2: Lost Revenue — This means lost sales and revenue.
POINT 3: Missed Opportunities — I can help with a fast Next.js website.","117/h2/93, Pandu Nagar, Kanpur, Uttar Pradesh 208005",4.8,https://www.google.com/maps/place/Design+by+Lavassa/data=!4m7!3m6!1s0x399c39e2d5f4e581:0xa5809b4f9733bfca!8m2!3d26.4726824!4d80.2947448!16s%2Fg%2F11fn9f0ghx!19sChIJgeX01eI5nDkRyr8zl0-bgKU?authuser=0&hl=en&rclk=1,2026-06-15
HIGH,Dream Design Events,event management,Kanpur,096952 42224,,,0,No website at all,"POINT 1: No Online Presence — Dream Design Events has no website, making it hard for customers to find and learn about their services. This means missed opportunities and lost revenue.
POINT 2: Limited Customer Reach — Without a website, potential customers can't discover and engage with the business online, limiting growth.
POINT 3: Lost Credibility — No website undermines the business's credibility, making it seem less professional. I can help with a fast Next.js website solution.","Q 10, Rajivpuram, Kakadeo, Kanpur, Uttar Pradesh 208025",4.9,https://www.google.com/maps/place/Dream+Design+Events/data=!4m7!3m6!1s0x399c381fbd598567:0xda19d911f9c38dac!8m2!3d26.4843911!4d80.2801!16s%2Fg%2F11dynwdxwc!19sChIJZ4VZvR84nDkRrI3D-RHZGdo?authuser=0&hl=en&rclk=1,2026-06-15
HIGH,A R Events-The party planne,event management,Kanpur,072754 93445,,,0,No website at all,"POINT 1: No Online Presence — A R Events has no website, making it hard for customers to find and learn about their services.
POINT 2: Lost Revenue — This absence costs potential bookings and revenue, as customers turn to competitors with a strong online presence.
POINT 3: Missed Opportunities — A fast, modern website, like one built with Next.js, could change this, showcasing A R Events' services and attracting new customers.","Bedi Niwas, 127, opposite Parag Milk Dairy, W-1, Juhi Kalan, Saket Nagar, Kanpur, Uttar Pradesh 208014",4.9,https://www.google.com/maps/place/A+R+Events-The+party+planne/data=!4m7!3m6!1s0x399c476dc8d63825:0x4edd2d33a0207aa9!8m2!3d26.4388315!4d80.31056!16s%2Fg%2F11fd_pfyds!19sChIJJTjWyG1HnDkRqXogoDMt3U4?authuser=0&hl=en&rclk=1,2026-06-15
HIGH,Model Bakery-Best Bakery Shop in Kanpur | Best Cake Shop in Kanpur | Best Fast Food shop in Kanpur,bakery,Kanpur,099181 99922,,,0,No website at all,"POINT 1: No Online Presence — You're missing out on potential customers who search online for bakeries in Kanpur. 
POINT 2: Lost Revenue — Without a website, you're likely losing sales to competitors with an online presence.
POINT 3: Solution Ahead — I can help you get online quickly with a fast Next.js website, let's chat about it.","7/117, Ground Floor, opposite Punjab national Bank, Khalasi Line, Swaroop Nagar, Kanpur, Uttar Pradesh 208002",4.1,https://www.google.com/maps/place/Model+Bakery-Best+Bakery+Shop+in+Kanpur+%7C+Best+Cake+Shop+in+Kanpur+%7C+Best+Fast+Food+shop+in+Kanpur/data=!4m7!3m6!1s0x399c3862152371c1:0xd04d09657fbfb1d2!8m2!3d26.4839483!4d80.3198902!16s%2Fg%2F1tfbwwc_!19sChIJwXEjFWI4nDkR0rG_f2UJTdA?authuser=0&hl=en&rclk=1,2026-06-15
HIGH,Silver Spoons,bakery,Kanpur,070710 05500,,,0,No website at all,"POINT 1: No Online Presence — Silver Spoons has no website, making it hard for customers to find them. This means lost sales and revenue.
POINT 2: Missed Opportunities — Without a website, potential customers can't learn about Silver Spoons' services or products.
POINT 3: Getting Left Behind — A fast, modern website can help Silver Spoons catch up, maybe with something like Next.js.","Shop 117, N 52, Paramount Ln, near Agra Sweet House, next to Suraj Nursing Home, Avon Market, Ambedkar Nagar, Navin Nagar, Kakadeo, Kanpur, Uttar Pradesh 208025",4.1,https://www.google.com/maps/place/Silver+Spoons/data=!4m7!3m6!1s0x399c380d9314dd09:0xb75c694969136521!8m2!3d26.4765435!4d80.2950003!16s%2Fg%2F11by_ls96s!19sChIJCd0Ukw04nDkRIWUTaUlpXLc?authuser=0&hl=en&rclk=1,2026-06-15
HIGH,SKY fitness gym kanpur,local gym,Kanpur,072751 21994,,,0,No website at all,"POINT 1: No Online Presence — SKY fitness gym kanpur has no website, making it hard for customers to find them online. This means potential members can't learn about their services.
POINT 2: Lost Opportunities — Without a website, the gym misses out on potential revenue from online sign-ups and inquiries.
POINT 3: Missed Connections — A website would help SKY fitness gym kanpur connect with customers, maybe I can help with a fast Next.js site.","630, Faithfulganj, Mirpur Cantonment, Kanpur Cantonment, Kanpur, Uttar Pradesh 208004",4.8,https://www.google.com/maps/place/SKY+fitness+gym+kanpur/data=!4m7!3m6!1s0x399c473841966dc3:0x36fafdf40182acf9!8m2!3d26.4516549!4d80.3535722!16s%2Fg%2F11tmhphp59!19sChIJw22WQThHnDkR-ayCAfT9-jY?authuser=0&hl=en&rclk=1,2026-06-15
HIGH,Rahil Foundation (NGO) | Best Foundation in Kanpur | Best NGO in Kanpur |,NGO,Kanpur,099537 72531,,,0,No website at all,"POINT 1: No Online Presence — Without a website, Rahil Foundation is invisible to online donors and volunteers, losing potential support.
POINT 2: Missed Opportunities — This absence also means no online donations, hampering fundraising efforts.
POINT 3: Limited Reach — A Next.js website can quickly change this, expanding the foundation's reach and impact.","783/25, near Hotel MVR Grand, W-1, Juhi Kalan, Saket Nagar, Kanpur, Uttar Pradesh 208014",4.9,https://www.google.com/maps/place/Rahil+Foundation+%28NGO%29+%7C+Best+Foundation+in+Kanpur+%7C+Best+NGO+in+Kanpur+%7C/data=!4m7!3m6!1s0x399c47eba51534a1:0xc664a72fd17d3fee!8m2!3d26.4311279!4d80.3192353!16s%2Fg%2F11vjfn71kx!19sChIJoTQVpetHnDkR7j990S-nZMY?authuser=0&hl=en&rclk=1,2026-06-15
HIGH,Kanpur youth foundation{ NGO},NGO,Kanpur,,,,0,No website at all,"POINT 1: No Online Presence — Kanpur youth foundation has no website, making it hard for people to find and learn about the NGO.
POINT 2: Missed Donations — Without a website, potential donors can't easily contribute, losing revenue.
POINT 3: Limited Reach — A Next.js website can quickly fix this, expanding the foundation's online presence.","188, Yogendra Vihar Khandepur Rd, Naubasta, Kanpur, Uttar Pradesh 208027",4.7,https://www.google.com/maps/place/Kanpur+youth+foundation%7B+NGO%7D/data=!4m7!3m6!1s0x399c470d1b2b5c1f:0x61ff16696a805fc2!8m2!3d26.4095062!4d80.3005582!16s%2Fg%2F11h62672zw!19sChIJH1wrGw1HnDkRwl-AamkW_2E?authuser=0&hl=en&rclk=1,2026-06-15
HIGH,Decor Designs - Best Interior Designer in Kanpur,interior designer,Kanpur,098071 99122,,decordesigns.co.in,0,"Unreachable: HTTPSConnectionPool(host='decordesigns.co.in', port=443): Ma","POINT 1: Unreachable Website — Your site's HTTPS issue is costing you customers, as they can't access it. 
POINT 2: Lost Revenue — This downtime means lost sales and a damaged reputation.
POINT 3: Revamp Opportunity — Let's fix this with a fast, reliable Next.js website.","111/3, Brahm Nagar, Harsh Nagar, Kanpur, Uttar Pradesh 208012",4.9,https://www.google.com/maps/place/Decor+Designs+-+Best+Interior+Designer+in+Kanpur/data=!4m7!3m6!1s0x399c3886edde352f:0xaa21e0ef0be2a7b5!8m2!3d26.4757564!4d80.3251736!16s%2Fg%2F11f2mzcqpt!19sChIJLzXe7YY4nDkRtafiC-_gIao?authuser=0&hl=en&rclk=1,2026-06-15
HIGH,Kanpur Tour & Travels,travel agency,Kanpur,093363 41901,,kanpurtourandtravels.in,0,"Unreachable: HTTPSConnectionPool(host='kanpurtourandtravels.in', port=443","POINT 1: Unreachable Website — Your site's unreachable due to HTTPS issues, losing potential customers. 
POINT 2: Lost Revenue — This hurts your business, causing missed bookings and revenue loss.
POINT 3: Fixing the Issue — I can help with a fast, secure Next.js website, getting you back online.","127/970, W-1, Saket Nagar, Juhi Kalan, Juhi, Kanpur, Uttar Pradesh 208014",4.5,https://www.google.com/maps/place/Kanpur+Tour+%26+Travels/data=!4m7!3m6!1s0x399c4787aaaaaaa1:0x9c88f7a5590805e4!8m2!3d26.435463!4d80.31716!16s%2Fg%2F11fy1qxpqd!19sChIJoaqqqodHnDkR5AUIWaX3iJw?authuser=0&hl=en&rclk=1,2026-06-15
HIGH,MANGAL MURATI PROPERTIES & BUILDERS,real estate agent,Kanpur,093352 31580,,,0,No website at all,"POINT 1: No Online Presence — You're missing out on potential customers who search for you online. 
POINT 2: Lost Revenue — Without a website, you can't showcase properties or generate leads.
POINT 3: Competitive Disadvantage — A fast Next.js website can fix this and get you ahead.","Shop No -4, 1L/1, Dabauli - Gadarian Purwa Marg, Gadarian Purwa, Kanpur, Uttar Pradesh 208022",4.5,https://www.google.com/maps/place/MANGAL+MURATI+PROPERTIES+%26+BUILDERS/data=!4m7!3m6!1s0x399c47e3da8ceb3d:0xc3d977816404a99c!8m2!3d26.448294!4d80.2793715!16s%2Fg%2F11cjhz8kjn!19sChIJPeuM2uNHnDkRnKkEZIF32cM?authuser=0&hl=en&rclk=1,2026-06-15
HIGH,Esha Travels - Travel Agency in Kanpur,travel agency,Kanpur,094155 01114,,eshatravels.in,0,"Unreachable: ('Connection aborted.', ConnectionResetError(10054, 'An exis","POINT 1: Connection Issues — Your website's connection errors are frustrating customers and losing you bookings. 
POINT 2: Lost Revenue — Unreachable pages are directly impacting your revenue and reputation.
POINT 3: Slow Fix — I can help you with a fast Next.js website to resolve these issues quickly.","B-39, Karrahi Rd, WBC Barra, Barra World Bank, Barra, Kanpur, Uttar Pradesh 208027",4.6,https://www.google.com/maps/place/Esha+Travels+-+Travel+Agency+in+Kanpur/data=!4m7!3m6!1s0x399c47b4729bfce9:0xf352d3dffa761c69!8m2!3d26.4238635!4d80.3039118!16s%2Fg%2F11b5wdgvnm!19sChIJ6fybcrRHnDkRaRx2-t_TUvM?authuser=0&hl=en&rclk=1,2026-06-15
HIGH,Preet Property Dealer,real estate agent,Kanpur,093363 35847,,,0,No website at all,"POINT 1: No Online Presence — Preet Property Dealer has no website, making it hard for customers to find them. This means lost sales and revenue.
POINT 2: Missed Opportunities — Without a website, potential customers can't view properties or contact the dealer easily.
POINT 3: Falling Behind — A fast, modern website can fix this, and I can help with that using Next.js.","Bada Bazar, 117/N/54, Bara Bazar, Avon Market, Ambedkar Nagar, Navin Nagar, Kakadeo, Kanpur, Uttar Pradesh 208025",4.5,https://www.google.com/maps/place/Preet+Property+Dealer/data=!4m7!3m6!1s0x399c380dc02d6ca5:0xdd2eb44ba1c36021!8m2!3d26.4764989!4d80.29475!16s%2Fg%2F1q62cycyv!19sChIJpWwtwA04nDkRIWDDoUu0Lt0?authuser=0&hl=en&rclk=1,2026-06-15
HIGH,Kaya Beauty studio,beauty parlour,Kanpur,099364 45695,,,0,No website at all,"POINT 1: No Online Presence — Kaya Beauty studio has no website, making it hard for customers to find and learn about the studio.
POINT 2: Lost Revenue — This means potential customers are likely going to competitors with an online presence.
POINT 3: Missed Opportunities — A fast, modern website can fix this, and I think I can help with that using Next.js.","128/63, near jagat janani maa Durga mandir, K Block, Kidwai Nagar, Kanpur, Uttar Pradesh 208011",4.7,https://www.google.com/maps/place/Kaya+Beauty+studio/data=!4m7!3m6!1s0x399c47073d77ff8f:0x3c5da3f2f0918f3e!8m2!3d26.4261447!4d80.3227794!16s%2Fg%2F11bxjlh7w2!19sChIJj_93PQdHnDkRPo-R8PKjXTw?authuser=0&hl=en&rclk=1,2026-06-15
HIGH,Shining Stars Home Tuitions,tuition centre,Kanpur,095559 35620,,,0,No website at all,"POINT 1: No Online Presence — Shining Stars Home Tuitions is missing out on potential customers who search online for tuition services. 
POINT 2: Lost Opportunities — Without a website, the business can't showcase its services and expertise, leading to lost revenue.
POINT 3: Getting Ahead — A fast and modern website, like one built with Next.js, can help Shining Stars stay ahead of the competition.","128/122, D Block, Kidwai Nagar, Kanpur, Uttar Pradesh 208011",5.0,https://www.google.com/maps/place/Shining+Stars+Home+Tuitions/data=!4m7!3m6!1s0x399c4772f1d7c2dd:0x5b2be28b8ed59b60!8m2!3d26.4302729!4d80.3337647!16s%2Fg%2F11p6cmw_9f!19sChIJ3cLX8XJHnDkRYJvVjoviK1s?authuser=0&hl=en&rclk=1,2026-06-15
HIGH,Dhuaan - Sheesha & Kitchen,local restaurant,Kanpur,073795 01000,mail@statusclub.co.in,statusclub.co.in,30,Not mobile-friendly | No meta description | No modern framework detected | No phone number on site | No Call-To-Action button,"POINT 1: Mobile Unfriendliness — Your website isn't mobile-friendly, which means customers on-the-go can't easily browse Dhuaan. 
POINT 2: Missing Meta Description — No meta description hurts search engine visibility, losing potential customers.
POINT 3: Outdated Framework — No modern framework detected slows down your site, frustrating users and affecting revenue, but a fast Next.js website can change that.","58, Tagore Rd, Moti Nagar, Cantt, Kanpur, Uttar Pradesh 208004",4.1,https://www.google.com/maps/place/Dhuaan+-+Sheesha+%26+Kitchen/data=!4m7!3m6!1s0x399c40ae9e70a82d:0x19534b4dd0b13562!8m2!3d26.4632927!4d80.3717052!16s%2Fg%2F11cp7895z0!19sChIJLahwnq5AnDkRYjWx0E1LUxk?authuser=0&hl=en&rclk=1,2026-06-15
HIGH,"LAKHOTIA GUPTA & COMPANY- BEST CA FIRM FOR ARTICLESHIP IN KANPUR, BEST CA FIRM IN KANPUR, BEST CA FIRM IN UP",chartered accountant,Kanpur,095549 50715,office@calgc.in,calgc.in,30,Not mobile-friendly | No meta description | No modern framework detected | No phone number on site | No Call-To-Action button,"POINT 1: Mobile Unfriendliness — Your site isn't mobile-friendly, turning away potential clients on-the-go. 
POINT 2: Missing Meta Description — No meta description hurts search engine visibility, impacting revenue.
POINT 3: Outdated Framework — No modern framework slows your site, frustrating users. I can help with a fast Next.js site.","Ground Floor 86, Ganges Galleria, C.P.C Railway Colony, Cooperganj, Kanpur, Uttar Pradesh 208003",4.9,"https://www.google.com/maps/place/LAKHOTIA+GUPTA+%26+COMPANY-+BEST+CA+FIRM+FOR+ARTICLESHIP+IN+KANPUR,+BEST+CA+FIRM+IN+KANPUR,+BEST+CA+FIRM+IN+UP/data=!4m7!3m6!1s0x399c47e50f286041:0xc9b040ed272140d4!8m2!3d26.4503173!4d80.3430347!16s%2Fg%2F11h4cfzcyt!19sChIJQWAoD-VHnDkR1EAhJ-1AsMk?authuser=0&hl=en&rclk=1",2026-06-15
HIGH,Galaxy Digitel Studio | Best Wedding Photographer in Kanpur | Best Photographer in Kanpur,photography studio,Kanpur,095652 55484,,galaxydigitelstudio.com,30,Not mobile-friendly | No meta description | No modern framework detected | No phone number on site | No Call-To-Action button,"POINT 1: Mobile Unfriendliness — Your site isn't mobile-friendly, which means potential customers on-the-go can't easily browse. 
POINT 2: Missing Meta Description — Without a meta description, search engines can't summarize your site, affecting search visibility.
POINT 3: Outdated Framework — No modern framework means slow load times, impacting user experience and revenue.","Chitra complex, 38/164, Meston Rd, near arya samaj Mandir, near kotwali chauraha, Khas Bazar, Shiwala, Patkapur, Kanpur, Uttar Pradesh 208001",4.6,https://www.google.com/maps/place/Galaxy+Digitel+Studio+%7C+Best+Wedding+Photographer+in+Kanpur+%7C+Best+Photographer+in+Kanpur/data=!4m7!3m6!1s0x399c41199322bdc1:0xdc745f7cdee2d5da!8m2!3d26.4713326!4d80.3503916!16s%2Fg%2F1q64hcqq6!19sChIJwb0ikxlBnDkR2tXi3nxfdNw?authuser=0&hl=en&rclk=1,2026-06-15
MEDIUM,Udaan Sewa Sansthan - NGO in Kanpur Uttar Pradesh | Women empowerment | children,NGO,Kanpur,079054 50621,,udaansewasansthan.com,45,Not mobile-friendly | No page title | No meta description | No modern framework detected | No phone number on site | No Call-To-Action button,"POINT 1: Mobile Unfriendliness — Your website isn't mobile-friendly, which means many visitors will struggle to navigate and leave. This hurts your NGO's reach and donations.
POINT 2: Missing Page Title — Without a page title, search engines can't understand your site, affecting visibility and potential donors.
POINT 3: No Meta Description — This absence reduces click-through rates, but a fast Next.js website can help resolve these issues.","2/114, Shivkatra Ave, near kesco substation and Kumar medical store, Krishna Puram, Kanpur, Uttar Pradesh 208007",4.8,https://www.google.com/maps/place/Udaan+Sewa+Sansthan+-+NGO+in+Kanpur+Uttar+Pradesh+%7C+Women+empowerment+%7C+children/data=!4m7!3m6!1s0x399c41008a4be2eb:0x85215c2796296351!8m2!3d26.4188495!4d80.3782216!16s%2Fg%2F11rcxlymfp!19sChIJ6-JLigBBnDkRUWMplidcIYU?authuser=0&hl=en&rclk=1,2026-06-15
MEDIUM,MHP STRONG GYM,local gym,Kanpur,087070 73074,,mhpstronggym.business.site,50,No meta description | No modern framework detected | No phone number on site | No Call-To-Action button,"POINT 1: Missing Meta Description — Without it, search engines can't summarize MHP STRONG GYM, affecting visibility. 
POINT 2: Outdated Framework — This slows down the site, frustrating customers and losing revenue.
POINT 3: No Phone Number — Customers can't easily contact, consider a fast Next.js site to fix these issues.","1373, Hanumant Vihar, Naubasta, Kanpur, Uttar Pradesh 208021",5.0,https://www.google.com/maps/place/MHP+STRONG+GYM/data=!4m7!3m6!1s0x399c465abae36e6d:0x9e2abe6c5ee48c49!8m2!3d26.4084697!4d80.312019!16s%2Fg%2F11g9gsdnm0!19sChIJbW7julpGnDkRSYzkXmy-Kp4?authuser=0&hl=en&rclk=1,2026-06-15
MEDIUM,P3 Salon Kanpur | Hair Salon,beauty parlour,Kanpur,083188 04152,,p3salonkanpur.com,50,No page title | No modern framework detected | No phone number on site | No Call-To-Action button,"POINT 1: Missing Page Title — No page title can confuse search engines, affecting P3 Salon's online visibility. 
POINT 2: Outdated Framework — Lacking a modern framework makes the site slow, frustrating customers and losing revenue.
POINT 3: Phone Number Absence — No phone number on site means missed bookings, luckily a fast Next.js website can fix these issues.","F - 5, Moti Vihar Society, 117, near Rave Moti, K/13, Kakadeo, Kanpur, Uttar Pradesh 208025",4.8,https://www.google.com/maps/place/P3+Salon+Kanpur+%7C+Hair+Salon/data=!4m7!3m6!1s0x399c381305555555:0x228893748fd640bc!8m2!3d26.4821998!4d80.2975275!16s%2Fg%2F11hcdz3r0k!19sChIJVVVVBRM4nDkRvEDWj3STiCI?authuser=0&hl=en&rclk=1,2026-06-15
MEDIUM,KANPUR TUTORIAL,tuition centre,Kanpur,097956 39770,,kanpurtutorial.com,55,Not mobile-friendly | No meta description | Outdated tech (WordPress/old jQuery) | No phone number on site,"POINT 1: Mobile Unfriendliness — Your site isn't mobile-friendly, turning away potential customers on-the-go. 
POINT 2: Missing Meta Description — No meta description means less click-throughs from search results.
POINT 3: Outdated Tech — Old WordPress and jQuery slow down your site, frustrating users, I can help with a faster Next.js solution.","Gumti No.5, Ram Krishna Nagar, Jawahar Nagar, Kanpur, Uttar Pradesh 208012",4.9,https://www.google.com/maps/place/KANPUR+TUTORIAL/data=!4m7!3m6!1s0x399c3963250bb951:0x1e4b3cdb4dc1897c!8m2!3d26.4684278!4d80.322007!16s%2Fg%2F11gvf4pmxj!19sChIJUbkLJWM5nDkRfInBTds8Sx4?authuser=0&hl=en&rclk=1,2026-06-15
HIGH,Arth Academy®,coaching classes,Kanpur,093369 78960,,arthacademy.com,30,Not mobile-friendly | No meta description | No modern framework detected | No phone number on site | No Call-To-Action button,"POINT 1: Mobile Experience — Your website isn't mobile-friendly, which means customers on-the-go can't easily access your services. 
POINT 2: Search Visibility — No meta description hurts your search engine ranking, making it harder for new customers to find you.
POINT 3: Technical Performance — No modern framework detected slows down your site, frustrating visitors and affecting revenue - I can help with a fast Next.js solution.","127/123, near Shiva Ji Inter College, W-2, Juhi Kalan, Saket Nagar, Kanpur, Uttar Pradesh 208027",4.8,https://www.google.com/maps/place/Arth+Academy%C2%AE/data=!4m7!3m6!1s0x399c47aef410c469:0x69735b4c4a4ab9fc!8m2!3d26.4265269!4d80.3105601!16s%2Fg%2F11bzsgc5_3!19sChIJacQQ9K5HnDkR_LlKSkxbc2k?authuser=0&hl=en&rclk=1,2026-06-15
